NORMAL,Admin 풤첉!,24/02/29,07:45:35,O
NORMAL,Admin 풤쮅!,24/02/29,07:46:41,O
NORMAL,User 풤첉!,24/02/29,07:46:49,O
NORMAL,User 풤쮅!,24/02/29,07:49:45,O
NORMAL,User 풤첉!,24/02/29,07:50:08,O
NORMAL,User 풤쮅!,24/02/29,07:50:21,O
NORMAL,Admin 풤첉!,24/02/29,07:50:32,O
NORMAL,asdf1234-찗써왉,24/02/29,07:52:26,O
NORMAL,asdf1234-찗써 촍왉,24/02/29,08:11:13,O
NORMAL,asdf1234-찗써왉,24/02/29,08:11:39,O
NORMAL,asdf1234-찗써 촍왉,24/02/29,08:27:56,O
NORMAL,asdf1234-찗써왉,24/02/29,08:28:17,O
NORMAL,asdf1234-찗써 촍왉,24/02/29,08:29:56,O
NORMAL,asdf1234-찗써왉,24/02/29,08:30:02,O
NORMAL,asdf1234-찗써 촍왉,24/02/29,08:34:46,O
NORMAL,asdf1234-찗써왉,24/02/29,08:35:17,O
NORMAL,asdf1234-찗써 촍왉,24/02/29,08:40:54,O
NORMAL,asdf1234-찗써왉,24/02/29,08:41:14,O
NORMAL,asdf1234-찗써 촍왉,24/02/29,08:53:52,O
NORMAL,asdf1234-찗써왉,24/02/29,08:54:44,O
NORMAL,asdf1234-찗써 촍왉,24/02/29,09:00:07,O
NORMAL,asdf1234-찗써왉,24/02/29,09:00:35,O
NORMAL,asdf1234-찗써 촍왉,24/02/29,09:12:24,O
NORMAL,asdf1234-찗써왉,24/02/29,09:12:48,O
NORMAL,asdf1234-찗써 촍왉,24/02/29,09:14:41,O
NORMAL,asdf1234-찗써왉,24/02/29,10:54:54,O
NORMAL,asdf1234-찗써왉,24/02/29,13:14:46,O
NORMAL,asdf1234-찗써 촍왉,24/02/29,16:14:47,O
NORMAL,asdf1234-찗써 촍왉,24/02/29,16:14:50,O
NORMAL,asdf1234-찗써왉,24/02/29,16:15:00,O
NORMAL,asdf1234-찗써 촍왉,24/02/29,16:15:44,O
NORMAL,asdf1234-찗써왉,24/02/29,16:17:52,O
NORMAL,asdf1234-찗써 촍왉,24/02/29,16:19:17,O
SYSTEM,Admin-총풤인 쭹,24/02/29,16:22:27,O
NORMAL,Admin 풤첉!,24/02/29,16:24:47,O
SYSTEM,Admin-총풤인 쭹,24/02/29,16:25:14,O
NORMAL,Admin 풤첉!,24/02/29,16:25:41,O
NORMAL,Admin 풤쮅!,24/02/29,16:27:09,O
NORMAL,Semcode 풤첉!,24/02/29,16:27:22,O
SYSTEM,Semcode-총풤인 쭹,24/02/29,16:28:38,O
NORMAL,Admin 풤첉!,24/02/29,16:28:53,O
NORMAL,Admin 풤쮅!,24/02/29,17:52:57,O
NORMAL,Admin 풤첉!,24/02/29,17:53:15,O
NORMAL,Admin 풤쮅!,24/02/29,17:53:19,O
NORMAL,SYSNEX 풤첉!,24/02/29,17:53:29,O
NORMAL,'DOR-줜퀉' 퀶쨶 쫚첕,24/02/29,17:55:47,O
NORMAL,'DOR-줜퀉' 퀶쨶 쭹,24/02/29,17:56:09,O
SYSTEM,SYSNEX-총풤인 쭹,24/02/29,17:58:04,O
